Workbook

Sheet 万相台
A1: Date 时间 | B1: Cost 花费 | C1: IMP 观看量 | D1: Click 点击 | E1: Order 订单 | F1: Sales 销量 | G1: ShoppingCart 加入购物车 | H1: Bookmark-Product 宝贝收藏 | I1: CTR 点击率 | J1: CPC 点击成本 | K1: CPM 拉新成本 | L1: ROI 投资回报率 | M1: CVR 点击转化率
A2: 45161 | B2: 100 | C2: 3753 | D2: 62 | E2: 0 | F2: 0 | G2: 0 | H2: 0 | I2: =D2/C2 -> 0.016520117 | J2: =B2/D2 -> 1.6129032 | K2: =B2/C2*1000 -> 26.64535 | L2: =F2/B2 -> 0 | M2: =E2/D2 -> 0
A3: 45162 | B3: 100 | C3: 427 | D3: 57 | E3: 0 | F3: 0 | G3: 0 | H3: 0 | I3: =D3/C3 -> 0.13348946 | J3: =B3/D3 -> 1.754386 | K3: =B3/C3*1000 -> 234.19204 | L3: =F3/B3 -> 0 | M3: =E3/D3 -> 0
A4: 45163 | B4: 100 | C4: 369 | D4: 83 | E4: 0 | F4: 0 | G4: 1 | H4: 1 | I4: =D4/C4 -> 0.22493225 | J4: =B4/D4 -> 1.2048193 | K4: =B4/C4*1000 -> 271.00271 | L4: =F4/B4 -> 0 | M4: =E4/D4 -> 0
A5: 45164 | B5: 98.9 | C5: 1022 | D5: 57 | E5: 0 | F5: 0 | G5: 2 | H5: 1 | I5: =D5/C5 -> 0.055772994 | J5: =B5/D5 -> 1.7350877 | K5: =B5/C5*1000 -> 96.771037 | L5: =F5/B5 -> 0 | M5: =E5/D5 -> 0
A6: 45165 | B6: 99.86 | C6: 1470 | D6: 113 | E6: 0 | F6: 0 | G6: 6 | H6: 2 | I6: =D6/C6 -> 0.076870748 | J6: =B6/D6 -> 0.88371681 | K6: =B6/C6*1000 -> 67.931973 | L6: =F6/B6 -> 0 | M6: =E6/D6 -> 0
A7: 45166 | B7: 99.85 | C7: 836 | D7: 70 | E7: 0 | F7: 0 | G7: 2 | H7: 1 | I7: =D7/C7 -> 0.083732057 | J7: =B7/D7 -> 1.4264286 | K7: =B7/C7*1000 -> 119.4378 | L7: =F7/B7 -> 0 | M7: =E7/D7 -> 0
A8: 45167 | B8: =99.55+16.15 -> 115.7 | C8: =1117+564 -> 1681 | D8: =89+6 -> 95 | E8: 0 | F8: 0 | G8: 4 | H8: 1 | I8: =D8/C8 -> 0.05651398 | J8: =B8/D8 -> 1.2178947 | K8: =B8/C8*1000 -> 68.828079 | L8: =F8/B8 -> 0 | M8: =E8/D8 -> 0
A9: 45168 | B9: =100+49.99 -> 149.99 | C9: =1513+20522 -> 22035 | D9: =89+128 -> 217 | E9: 0 | F9: 0 | G9: 4 | H9: 4 | I9: =D9/C9 -> 0.0098479691 | J9: =B9/D9 -> 0.69119816 | K9: =B9/C9*1000 -> 6.8068981 | L9: =F9/B9 -> 0 | M9: =E9/D9 -> 0
A10: 45169 | B10: =100+49.73 -> 149.73 | C10: =1449+63352 -> 64801 | D10: =86+286 -> 372 | E10: 0 | F10: 0 | G10: =1+2 -> 3 | H10: =1+1 -> 2 | I10: =D10/C10 -> 0.0057406522 | J10: =B10/D10 -> 0.4025 | K10: =B10/C10*1000 -> 2.3106125 | L10: =F10/B10 -> 0 | M10: =E10/D10 -> 0
A11: 45170 | B11: =100+48.46 -> 148.46 | C11: =1505+88321 -> 89826 | D11: =87+289 -> 376 | E11: 0 | F11: 0 | G11: 3 | H11: 1 | I11: =D11/C11 -> 0.0041858705 | J11: =B11/D11 -> 0.39484043 | K11: =B11/C11*1000 -> 1.6527509 | L11: =F11/B11 -> 0 | M11: =E11/D11 -> 0
A12: 45171 | B12: =98.92+48.89 -> 147.81 | C12: =2061+80573 -> 82634 | D12: =115+446 -> 561 | E12: 0 | F12: 0 | G12: 2 | H12: 3 | I12: =D12/C12 -> 0.0067889731 | J12: =B12/D12 -> 0.26347594 | K12: =B12/C12*1000 -> 1.788731 | L12: =F12/B12 -> 0 | M12: =E12/D12 -> 0
A13: 45172 | B13: =99.58+49.56 -> 149.14 | C13: =1772+75598 -> 77370 | D13: =109+485 -> 594 | E13: 0 | F13: 0 | G13: 3 | H13: 2 | I13: =D13/C13 -> 0.0076773943 | J13: =B13/D13 -> 0.25107744 | K13: =B13/C13*1000 -> 1.9276205 | L13: =F13/B13 -> 0 | M13: =E13/D13 -> 0
A14: 45173 | B14: =100+49.58 -> 149.58 | C14: =1643+38704 -> 40347 | D14: =95+278 -> 373 | E14: 0 | F14: 0 | G14: 5 | H14: 7 | I14: =D14/C14 -> 0.0092448013 | J14: =B14/D14 -> 0.40101877 | K14: =B14/C14*1000 -> 3.7073388 | L14: =F14/B14 -> 0 | M14: =E14/D14 -> 0
A15: 45174 | B15: =100+48.53 -> 148.53 | C15: =1870+26465 -> 28335 | D15: =104+190 -> 294 | E15: 0 | F15: 0 | G15: 6 | H15: 4 | I15: =D15/C15 -> 0.01037586 | J15: =B15/D15 -> 0.50520408 | K15: =B15/C15*1000 -> 5.2419269 | L15: =F15/B15 -> 0 | M15: =E15/D15 -> 0
A16: 45175 | B16: =98.92+48.82 -> 147.74 | C16: =1920+10265 -> 12185 | D16: =85+98 -> 183 | E16: 0 | F16: 0 | G16: 2 | H16: 7 | I16: =D16/C16 -> 0.015018465 | J16: =B16/D16 -> 0.8073224 | K16: =B16/C16*1000 -> 12.124744 | L16: =F16/B16 -> 0 | M16: =E16/D16 -> 0
A17: 45176 | B17: =99.92+49.69 -> 149.61 | C17: =2272+9284 -> 11556 | D17: =116+110 -> 226 | E17: 0 | F17: 0 | G17: 5 | H17: 5 | I17: =D17/C17 -> 0.01955694 | J17: =B17/D17 -> 0.66199115 | K17: =B17/C17*1000 -> 12.946521 | L17: =F17/B17 -> 0 | M17: =E17/D17 -> 0
A18: 45177 | B18: 148.75 | C18: 16076 | D18: 255 | E18: 0 | F18: 0 | G18: 7 | H18: 9 | I18: =D18/C18 -> 0.015862155 | J18: =B18/D18 -> 0.58333333 | K18: =B18/C18*1000 -> 9.2529236 | L18: =F18/B18 -> 0 | M18: =E18/D18 -> 0
A19: 45178 | B19: 149.28 | C19: 17407 | D19: 387 | E19: 0 | F19: 0 | G19: 5 | H19: 3 | I19: =D19/C19 -> 0.022232435 | J19: =B19/D19 -> 0.38573643 | K19: =B19/C19*1000 -> 8.5758603 | L19: =F19/B19 -> 0 | M19: =E19/D19 -> 0
A20: 45179 | B20: 147.9 | C20: 17213 | D20: 428 | E20: 0 | F20: 0 | G20: 7 | H20: 9 | I20: =D20/C20 -> 0.024864928 | J20: =B20/D20 -> 0.34556075 | K20: =B20/C20*1000 -> 8.592343 | L20: =F20/B20 -> 0 | M20: =E20/D20 -> 0
A21: 45180 | B21: 149.62 | C21: =3506+13717 -> 17223 | D21: =115+228 -> 343 | E21: 0 | F21: 0 | G21: 8 | H21: 9 | I21: =D21/C21 -> 0.01991523 | J21: =B21/D21 -> 0.43620991 | K21: =B21/C21*1000 -> 8.6872206 | L21: =F21/B21 -> 0 | M21: =E21/D21 -> 0
A22: 45181 | B22: 206 | C22: 11164 | D22: 187 | E22: 0 | F22: 0 | G22: 5 | H22: 10 | I22: =D22/C22 -> 0.016750269 | J22: =B22/D22 -> 1.1016043 | K22: =B22/C22*1000 -> 18.452168 | L22: =F22/B22 -> 0 | M22: =E22/D22 -> 0
A23: 45182 | B23: =99.31+46.06 -> 145.37 | C23: =14620+3933 -> 18553 | D23: =116+265 -> 381 | E23: 0 | F23: 0 | G23: 2 | H23: 5 | I23: =D23/C23 -> 0.020535762 | J23: =B23/D23 -> 0.38154856 | K23: =B23/C23*1000 -> 7.8353905 | L23: =F23/B23 -> 0 | M23: =E23/D23 -> 0
A24: 45183 | B24: 142.38 | C24: =3416+4903 -> 8319 | D24: =206+41 -> 247 | E24: 0 | F24: 0 | G24: 0 | H24: 1 | I24: =D24/C24 -> 0.029691069 | J24: =B24/D24 -> 0.57643725 | K24: =B24/C24*1000 -> 17.115038 | L24: =F24/B24 -> 0 | M24: =E24/D24 -> 0
A25: 45184 | B25: =43.62+99.83 -> 143.45 | C25: =6174+1749 -> 7923 | D25: =45+124 -> 169 | E25: 0 | F25: 0 | G25: 6 | H25: 0 | I25: =D25/C25 -> 0.021330304 | J25: =B25/D25 -> 0.84881657 | K25: =B25/C25*1000 -> 18.105516 | L25: =F25/B25 -> 0 | M25: =E25/D25 -> 0
A26: 45185 | B26: =98.94+49.95 -> 148.89 | C26: =3872+1803 -> 5675 | D26: =40+124 -> 164 | E26: 0 | F26: 0 | G26: 2 | H26: 1 | I26: =D26/C26 -> 0.028898678 | J26: =B26/D26 -> 0.90786585 | K26: =B26/C26*1000 -> 26.236123 | L26: =F26/B26 -> 0 | M26: =E26/D26 -> 0
A27: 45186 | B27: =99.76+43.62 -> 143.38 | C27: =4798+2062 -> 6860 | D27: =40+159 -> 199 | E27: 0 | F27: 0 | G27: 0 | H27: 0 | I27: =D27/C27 -> 0.029008746 | J27: =B27/D27 -> 0.72050251 | K27: =B27/C27*1000 -> 20.900875 | L27: =F27/B27 -> 0 | M27: =E27/D27 -> 0
A28: 45187 | B28: 141.52 | C28: =2252+2877 -> 5129 | D28: =132+49 -> 181 | E28: 0 | F28: 0 | G28: 2 | H28: 1 | I28: =D28/C28 -> 0.03528953 | J28: =B28/D28 -> 0.78187845 | K28: =B28/C28*1000 -> 27.592123 | L28: =F28/B28 -> 0 | M28: =E28/D28 -> 0
A29: 45188 | B29: =99.11+48.96 -> 148.07 | C29: =3065+2559 -> 5624 | D29: =31+158 -> 189 | E29: 0 | F29: 0 | G29: 0 | H29: 1 | I29: =D29/C29 -> 0.033605974 | J29: =B29/D29 -> 0.78343915 | K29: =B29/C29*1000 -> 26.328236 | L29: =F29/B29 -> 0 | M29: =E29/D29 -> 0
A30: 45189 | B30: 313 | C30: =3484+630 -> 4114 | D30: 175 | E30: 0 | F30: 0 | G30: 0 | H30: 0 | I30: =D30/C30 -> 0.042537676 | J30: =B30/D30 -> 1.7885714 | K30: =B30/C30*1000 -> 76.081672 | L30: =F30/B30 -> 0 | M30: =E30/D30 -> 0
A31: 45190 | B31: =51.78+88.78+97.76+95.17+93.5+22.8+100+100 -> 649.79 | C31: =63+263+450+731+147+34+283+3735 -> 5706 | D31: 205 | E31: 0 | F31: 0 | G31: 1 | H31: 1 | I31: =D31/C31 -> 0.035927094 | J31: =B31/D31 -> 3.1697073 | K31: =B31/C31*1000 -> 113.87837 | L31: =F31/B31 -> 0 | M31: =E31/D31 -> 0
A32: 45191 | B32: 100 | C32: 3966 | D32: 253 | E32: 0 | F32: 0 | G32: 1 | H32: 3 | I32: =D32/C32 -> 0.063792234 | J32: =B32/D32 -> 0.39525692 | K32: =B32/C32*1000 -> 25.214322 | L32: =F32/B32 -> 0 | M32: =E32/D32 -> 0
A33: 45192 | B33: 129.05 | C33: 5201 | D33: 193 | E33: 0 | F33: 0 | G33: 2 | H33: 1 | I33: =D33/C33 -> 0.037108248 | J33: =B33/D33 -> 0.66865285 | K33: =B33/C33*1000 -> 24.812536 | L33: =F33/B33 -> 0 | M33: =E33/D33 -> 0
A34: 45193 | B34: 146.71 | C34: 5251 | D34: 424 | E34: 0 | F34: 0 | G34: 1 | H34: 4 | I34: =D34/C34 -> 0.080746524 | J34: =B34/D34 -> 0.34601415 | K34: =B34/C34*1000 -> 27.93944 | L34: =F34/B34 -> 0 | M34: =E34/D34 -> 0
A35: 45194 | B35: =99.7+100+100+91.89+99.38+100+49.71 -> 640.68 | C35: =50434+2967+2825 -> 56226 | D35: =229+198+60 -> 487 | E35: 1 | F35: 1 | G35: 3 | H35: 0 | I35: =D35/C35 -> 0.0086614733 | J35: =B35/D35 -> 1.3155647 | K35: =B35/C35*1000 -> 11.394728 | L35: =F35/B35 -> 0.0015608416 | M35: =E35/D35 -> 0.0020533881
A36: 45195 | B36: =49.8+100 -> 149.8 | C36: =1818+61479 -> 63297 | D36: =225+121 -> 346 | E36: 0 | F36: 0 | G36: 3 | H36: 3 | I36: =D36/C36 -> 0.0054662938 | J36: =B36/D36 -> 0.43294798 | K36: =B36/C36*1000 -> 2.3666209 | L36: =F36/B36 -> 0 | M36: =E36/D36 -> 0
A37: 45196 | B37: =100+49.82 -> 149.82 | C37: 52701 | D37: =190+105 -> 295 | E37: 2 | F37: 3400 | G37: 2 | H37: 1 | I37: =D37/C37 -> 0.0055976167 | J37: =B37/D37 -> 0.50786441 | K37: =B37/C37*1000 -> 2.8428303 | L37: =F37/B37 -> 22.693899 | M37: =E37/D37 -> 0.006779661
A38: 45197 | B38: =483.78+99.82+49.58 -> 633.18 | C38: =44226+1495+7689 -> 53410 | D38: =225+108+195 -> 528 | E38: 0 | F38: 0 | G38: 7 | H38: 1 | I38: =D38/C38 -> 0.0098857892 | J38: =B38/D38 -> 1.1992045 | K38: =B38/C38*1000 -> 11.855083 | L38: =F38/B38 -> 0 | M38: =E38/D38 -> 0
A39: 45198 | B39: =100+49.36 -> 149.36 | C39: 18104 | D39: =72+130 -> 202 | E39: 3 | F39: 2969 | G39: 13 | H39: 1 | I39: =D39/C39 -> 0.011157755 | J39: =B39/D39 -> 0.73940594 | K39: =B39/C39*1000 -> 8.2501105 | L39: =F39/B39 -> 19.878147 | M39: =E39/D39 -> 0.014851485
A40: 45199 | B40: =99.47+49.69 -> 149.16 | C40: =1442+7575 -> 9017 | D40: =64+99 -> 163 | E40: 1 | F40: 9.9 | G40: 12 | H40: 3 | I40: =D40/C40 -> 0.018076966 | J40: =B40/D40 -> 0.91509202 | K40: =B40/C40*1000 -> 16.542087 | L40: =F40/B40 -> 0.066371681 | M40: =E40/D40 -> 0.0061349693
A41: 45200 | B41: =49.51+98.24 -> 147.75 | C41: 6236 | D41: 130 | E41: 0 | F41: 0 | G41: 7 | H41: 3 | I41: =D41/C41 -> 0.020846697 | J41: =B41/D41 -> 1.1365385 | K41: =B41/C41*1000 -> 23.693072 | L41: =F41/B41 -> 0 | M41: =E41/D41 -> 0
A42: 45201 | B42: =49.16+99.87 -> 149.03 | C42: 5775 | D42: =91+90 -> 181 | E42: 0 | F42: 0 | G42: 2 | H42: 1 | I42: =D42/C42 -> 0.031341991 | J42: =B42/D42 -> 0.82337017 | K42: =B42/C42*1000 -> 25.806061 | L42: =F42/B42 -> 0 | M42: =E42/D42 -> 0
A43: 45202 | B43: =49.36+99.23 -> 148.59 | C43: 5499 | D43: =54+102 -> 156 | E43: 2 | F43: 19.8 | G43: 4 | H43: 6 | I43: =D43/C43 -> 0.028368794 | J43: =B43/D43 -> 0.9525 | K43: =B43/C43*1000 -> 27.021277 | L43: =F43/B43 -> 0.13325257 | M43: =E43/D43 -> 0.012820513
A44: 45203 | B44: =47.82+100 -> 147.82 | C44: 5674 | D44: =91+77 -> 168 | E44: 0 | F44: 0 | G44: 1 | H44: 2 | I44: =D44/C44 -> 0.029608742 | J44: =B44/D44 -> 0.87988095 | K44: =B44/C44*1000 -> 26.052168 | L44: =F44/B44 -> 0 | M44: =E44/D44 -> 0
A45: 45204 | B45: =49.25+100 -> 149.25 | C45: 4376 | D45: =48+102 -> 150 | E45: 1 | F45: 9.9 | G45: 6 | H45: 2 | I45: =D45/C45 -> 0.034277879 | J45: =B45/D45 -> 0.995 | K45: =B45/C45*1000 -> 34.10649 | L45: =F45/B45 -> 0.066331658 | M45: =E45/D45 -> 0.0066666667
A46: 45205 | B46: 148.17 | C46: 3952 | D46: 155 | E46: 0 | F46: 0 | G46: 6 | H46: 1 | I46: =D46/C46 -> 0.039220648 | J46: =B46/D46 -> 0.95593548 | K46: =B46/C46*1000 -> 37.492409 | L46: =F46/B46 -> 0 | M46: =E46/D46 -> 0
A47: 45206 | B47: =41.79+98.43 -> 140.22 | C47: 2623 | D47: 112 | E47: 1 | F47: 9.9 | G47: 2 | H47: 0 | I47: =D47/C47 -> 0.042699199 | J47: =B47/D47 -> 1.2519643 | K47: =B47/C47*1000 -> 53.457873 | L47: =F47/B47 -> 0.070603338 | M47: =E47/D47 -> 0.0089285714
A48: 45207 | B48: =45.74+99.97 -> 145.71 | C48: 3106 | D48: 115 | E48: 0 | F48: 0 | G48: 5 | H48: 0 | I48: =D48/C48 -> 0.037025113 | J48: =B48/D48 -> 1.2670435 | K48: =B48/C48*1000 -> 46.912428 | L48: =F48/B48 -> 0 | M48: =E48/D48 -> 0
A49: 45208 | B49: =48.36+100 -> 148.36 | C49: 2501 | D49: 92 | E49: 0 | F49: 0 | G49: 5 | H49: 1 | I49: =D49/C49 -> 0.036785286 | J49: =B49/D49 -> 1.6126087 | K49: =B49/C49*1000 -> 59.320272 | L49: =F49/B49 -> 0 | M49: =E49/D49 -> 0
A50: 45209 | B50: =100+32.33 -> 132.33 | C50: =1282+901 -> 2183 | D50: =83+22 -> 105 | E50: 1 | F50: 9.9 | G50: 5 | H50: 1 | I50: =D50/C50 -> 0.048098946 | J50: =B50/D50 -> 1.2602857 | K50: =B50/C50*1000 -> 60.618415 | L50: =F50/B50 -> 0.074812968 | M50: =E50/D50 -> 0.0095238095
A51: 45210 | B51: =48.55+100 -> 148.55 | C51: =801+872 -> 1673 | D51: =29+67 -> 96 | E51: 1 | F51: 3800 | G51: 2 | H51: 1 | I51: =D51/C51 -> 0.057381949 | J51: =B51/D51 -> 1.5473958 | K51: =B51/C51*1000 -> 88.792588 | L51: =F51/B51 -> 25.580613 | M51: =E51/D51 -> 0.010416667
A52: 45211 | B52: =100+24.16 -> 124.16 | C52: =1171+399 -> 1570 | D52: =72+15 -> 87 | E52: 0 | F52: 0 | G52: 1 | H52: 2 | I52: =D52/C52 -> 0.055414013 | J52: =B52/D52 -> 1.4271264 | K52: =B52/C52*1000 -> 79.082803 | L52: =F52/B52 -> 0 | M52: =E52/D52 -> 0
A53: 45212 | B53: 99.07 | C53: 1019 | D53: 66 | E53: 0 | F53: 0 | G53: 4 | H53: 0 | I53: =D53/C53 -> 0.064769382 | J53: =B53/D53 -> 1.5010606 | K53: =B53/C53*1000 -> 97.222767 | L53: =F53/B53 -> 0 | M53: =E53/D53 -> 0
A54: 45213 | B54: 98.13 | C54: 1079 | D54: 83 | E54: 0 | F54: 0 | G54: 5 | H54: 2 | I54: =D54/C54 -> 0.076923077 | J54: =B54/D54 -> 1.1822892 | K54: =B54/C54*1000 -> 90.94532 | L54: =F54/B54 -> 0 | M54: =E54/D54 -> 0
A55: 45214 | B55: 99.53 | C55: 1082 | D55: 60 | E55: 0 | F55: 0 | G55: 5 | H55: 0 | I55: =D55/C55 -> 0.055452865 | J55: =B55/D55 -> 1.6588333 | K55: =B55/C55*1000 -> 91.987061 | L55: =F55/B55 -> 0 | M55: =E55/D55 -> 0
A56: 45215 | B56: 100 | C56: 2121 | D56: 68 | E56: 0 | F56: 0 | G56: 3 | H56: 0 | I56: =D56/C56 -> 0.032060349 | J56: =B56/D56 -> 1.4705882 | K56: =B56/C56*1000 -> 47.147572 | L56: =F56/B56 -> 0 | M56: =E56/D56 -> 0
A57: 45216 | B57: =100+24.6 -> 124.6 | C57: =1919+721 -> 2640 | D57: =87+13 -> 100 | E57: 0 | F57: 0 | G57: 1 | H57: 1 | I57: =D57/C57 -> 0.037878788 | J57: =B57/D57 -> 1.246 | K57: =B57/C57*1000 -> 47.19697 | L57: =F57/B57 -> 0 | M57: =E57/D57 -> 0
A58: 45217 | B58: =100+48.75 -> 148.75 | C58: =3272+518 -> 3790 | D58: =105+20 -> 125 | E58: 0 | F58: 0 | G58: 2 | H58: 1 | I58: =D58/C58 -> 0.03298153 | J58: =B58/D58 -> 1.19 | K58: =B58/C58*1000 -> 39.248021 | L58: =F58/B58 -> 0 | M58: =E58/D58 -> 0
A59: 45218 | B59: =100+48.91 -> 148.91 | C59: =3140+1586 -> 4726 | D59: =32+105 -> 137 | E59: 0 | F59: 0 | G59: 1 | H59: 0 | I59: =D59/C59 -> 0.028988574 | J59: =B59/D59 -> 1.0869343 | K59: =B59/C59*1000 -> 31.508675 | L59: =F59/B59 -> 0 | M59: =E59/D59 -> 0
A60: 45219 | B60: =49.99+100 -> 149.99 | C60: =4136+953 -> 5089 | D60: =37+82 -> 119 | E60: 0 | F60: 0 | G60: 1 | H60: 0 | I60: =D60/C60 -> 0.023383769 | J60: =B60/D60 -> 1.2604202 | K60: =B60/C60*1000 -> 29.473374 | L60: =F60/B60 -> 0 | M60: =E60/D60 -> 0
A61: 45220 | B61: =45.49+100 -> 145.49 | C61: =866+883 -> 1749 | D61: =25+90 -> 115 | E61: 0 | F61: 0 | G61: 10 | H61: 3 | I61: =D61/C61 -> 0.065751858 | J61: =B61/D61 -> 1.2651304 | K61: =B61/C61*1000 -> 83.184677 | L61: =F61/B61 -> 0 | M61: =E61/D61 -> 0
A62: 45221 | B62: =47.28+99.81 -> 147.09 | C62: =455+1052 -> 1507 | D62: =19+92 -> 111 | E62: 0 | F62: 0 | G62: 13 | H62: 1 | I62: =D62/C62 -> 0.073656271 | J62: =B62/D62 -> 1.3251351 | K62: =B62/C62*1000 -> 97.604512 | L62: =F62/B62 -> 0 | M62: =E62/D62 -> 0
A63: 45222 | B63: =48.48+100 -> 148.48 | C63: =697+533 -> 1230 | D63: =69+25 -> 94 | E63: 0 | F63: 0 | G63: 4 | H63: 4 | I63: =D63/C63 -> 0.076422764 | J63: =B63/D63 -> 1.5795745 | K63: =B63/C63*1000 -> 120.71545 | L63: =F63/B63 -> 0 | M63: =E63/D63 -> 0
A64: 45223 | B64: 146.62 | C64: =428+606 -> 1034 | D64: 84 | E64: 1 | F64: 15597 | G64: 1 | H64: 0 | I64: =D64/C64 -> 0.081237911 | J64: =B64/D64 -> 1.7454762 | K64: =B64/C64*1000 -> 141.79884 | L64: =F64/B64 -> 106.37703 | M64: =E64/D64 -> 0.011904762
A65: 45224 | B65: 3536.38 | C65: =620+968 -> 1588 | D65: 615 | E65: 2 | F65: =2000+2000 -> 4000 | G65: 1 | H65: 11 | I65: =D65/C65 -> 0.3872796 | J65: =B65/D65 -> 5.7502114 | K65: =B65/C65*1000 -> 2226.9395 | L65: =F65/B65 -> 1.1311002 | M65: =E65/D65 -> 0.0032520325
A66: 45225 | B66: 150 | C66: =901+711 -> 1612 | D66: 121 | E66: 2 | F66: 32192 | G66: 1 | H66: 4 | I66: =D66/C66 -> 0.075062035 | J66: =B66/D66 -> 1.2396694 | K66: =B66/C66*1000 -> 93.052109 | L66: =F66/B66 -> 214.61333 | M66: =E66/D66 -> 0.016528926
A67: 45226 | B67: 145 | C67: =985+670 -> 1655 | D67: 128 | E67: 0 | F67: 0 | G67: 1 | H67: 5 | I67: =D67/C67 -> 0.07734139 | J67: =B67/D67 -> 1.1328125 | K67: =B67/C67*1000 -> 87.613293 | L67: =F67/B67 -> 0 | M67: =E67/D67 -> 0
A68: 45227 | B68: =100+44.57+47.98 -> 192.55 | C68: =541+2191+1055 -> 3787 | D68: 191 | E68: 1 | F68: 11907 | G68: 2 | H68: 4 | I68: =D68/C68 -> 0.050435701 | J68: =B68/D68 -> 1.0081152 | K68: =B68/C68*1000 -> 50.844996 | L68: =F68/B68 -> 61.838484 | M68: =E68/D68 -> 0.0052356021
A69: 45228 | B69: 146.63 | C69: =1102+645 -> 1747 | D69: 98 | E69: 0 | F69: 0 | G69: 0 | H69: 1 | I69: =D69/C69 -> 0.056096165 | J69: =B69/D69 -> 1.4962245 | K69: =B69/C69*1000 -> 83.932456 | L69: =F69/B69 -> 0 | M69: =E69/D69 -> 0
A70: 45229 | B70: 691.99 | C70: =742+709 -> 1451 | D70: 236 | E70: 0 | F70: 0 | G70: 4 | H70: 1 | I70: =D70/C70 -> 0.16264645 | J70: =B70/D70 -> 2.932161 | K70: =B70/C70*1000 -> 476.90558 | L70: =F70/B70 -> 0 | M70: =E70/D70 -> 0
A71: 45230 | B71: =335.21+496.38+500 -> 1331.59 | C71: =2891+2460+2274 -> 7625 | D71: 369 | E71: 0 | F71: 0 | G71: 9 | H71: 2 | I71: =D71/C71 -> 0.048393443 | J71: =B71/D71 -> 3.608645 | K71: =B71/C71*1000 -> 174.63475 | L71: =F71/B71 -> 0 | M71: =E71/D71 -> 0
A72: 45231 | B72: 989.49 | C72: =1148+714 -> 1862 | D72: 261 | E72: 0 | F72: 0 | G72: 3 | H72: 1 | I72: =D72/C72 -> 0.14017186 | J72: =B72/D72 -> 3.7911494 | K72: =B72/C72*1000 -> 531.41246 | L72: =F72/B72 -> 0 | M72: =E72/D72 -> 0
A73: 45232 | B73: =94.29+99.35+48.3 -> 241.94 | C73: =2295+964 -> 3259 | D73: 147 | E73: 0 | F73: 0 | G73: 10 | H73: 2 | I73: =D73/C73 -> 0.045105861 | J73: =B73/D73 -> 1.6458503 | K73: =B73/C73*1000 -> 74.237496 | L73: =F73/B73 -> 0 | M73: =E73/D73 -> 0
A74: 45233 | B74: =99.37+49.99+62.26 -> 211.62 | C74: =3369+932 -> 4301 | D74: 188 | E74: 0 | F74: 0 | G74: 8 | H74: 1 | I74: =D74/C74 -> 0.043710765 | J74: =B74/D74 -> 1.1256383 | K74: =B74/C74*1000 -> 49.202511 | L74: =F74/B74 -> 0 | M74: =E74/D74 -> 0
A75: 45234 | B75: =90.1+99.32+47.5 -> 236.92 | C75: =3296+910+2262 -> 6468 | D75: 250 | E75: 0 | F75: 0 | G75: 12 | H75: 2 | I75: =D75/C75 -> 0.038651824 | J75: =B75/D75 -> 0.94768 | K75: =B75/C75*1000 -> 36.629561 | L75: =F75/B75 -> 0 | M75: =E75/D75 -> 0
A76: 45235 | B76: =179.28+49.51 -> 228.79 | C76: =3557+1292+2456 -> 7305 | D76: 295 | E76: 8 | F76: 126435 | G76: 27 | H76: 2 | I76: =D76/C76 -> 0.040383299 | J76: =B76/D76 -> 0.77555932 | K76: =B76/C76*1000 -> 31.319644 | L76: =F76/B76 -> 552.62468 | M76: =E76/D76 -> 0.027118644
A77: 45236 | B77: =80.18+99.1+49.51 -> 228.79 | C77: =2916+1376+1729 -> 6021 | D77: 295 | E77: 0 | F77: 0 | G77: 11 | H77: 2 | I77: =D77/C77 -> 0.048995184 | J77: =B77/D77 -> 0.77555932 | K77: =B77/C77*1000 -> 37.998671 | L77: =F77/B77 -> 0 | M77: =E77/D77 -> 0
A78: 45237 | B78: =83.7+198.18+48.9 -> 330.78 | C78: =2945+3239+495 -> 6679 | D78: =69+179+20 -> 268 | E78: 0 | F78: 0 | G78: 7 | H78: 5 | I78: =D78/C78 -> 0.040125767 | J78: =B78/D78 -> 1.2342537 | K78: =B78/C78*1000 -> 49.525378 | L78: =F78/B78 -> 0 | M78: =E78/D78 -> 0
A79: 45238 | B79: =81.65+49.74+200 -> 331.39 | C79: =2790+621+2654 -> 6065 | D79: =47+22+168 -> 237 | E79: 0 | F79: 0 | G79: =1+2+1 -> 4 | H79: 1 | I79: =D79/C79 -> 0.039076669 | J79: =B79/D79 -> 1.39827 | K79: =B79/C79*1000 -> 54.639736 | L79: =F79/B79 -> 0 | M79: =E79/D79 -> 0
A80: 45239 | B80: =73.46+45.13+144.03+500 -> 762.62 | C80: =3020+763+2204+1545 -> 7532 | D80: =94+121+24+56 -> 295 | E80: 0 | F80: 0 | G80: 1 | H80: 0 | I80: =D80/C80 -> 0.039166224 | J80: =B80/D80 -> 2.5851525 | K80: =B80/C80*1000 -> 101.25066 | L80: =F80/B80 -> 0 | M80: =E80/D80 -> 0
A81: 45240 | B81: =88.57+198.58+47.84 -> 334.99 | C81: =1506+2110+1551 -> 5167 | D81: =33+173+15 -> 221 | E81: 8 | F81: =21994.02+24355.02 -> 46349.04 | G81: 10 | H81: 2 | I81: =D81/C81 -> 0.042771434 | J81: =B81/D81 -> 1.5157919 | K81: =B81/C81*1000 -> 64.832591 | L81: =F81/B81 -> 138.35947 | M81: =E81/D81 -> 0.036199095
A82: 45241 | B82: =123.61+198.36+48.66+1244.81 -> 1615.44 | C82: =2494+2660+952+6637 -> 12743 | D82: =77+164+29+451 -> 721 | E82: 10 | F82: =11125.01+11125.01+35218.01+22122 -> 79590.03 | G82: 16 | H82: 2 | I82: =D82/C82 -> 0.056580083 | J82: =B82/D82 -> 2.2405548 | K82: =B82/C82*1000 -> 126.77078 | L82: =F82/B82 -> 49.268329 | M82: =E82/D82 -> 0.013869626
A83: 45242 | B83: =52.35+199.77+43.35 -> 295.47 | C83: =2148+6852+1120 -> 10120 | D83: =70+461+38 -> 569 | E83: 1 | F83: 0.01 | G83: 9 | H83: 9 | I83: =D83/C83 -> 0.056225296 | J83: =B83/D83 -> 0.51927944 | K83: =B83/C83*1000 -> 29.19664 | L83: =F83/B83 -> 3.3844384e-05 | M83: =E83/D83 -> 0.0017574692
A84: 45243 | B84: =56.49+49.43+199.41 -> 305.33 | C84: =6706+2683+4891 -> 14280 | D84: =62+39+342 -> 443 | E84: 2 | F84: 13196 | G84: 14 | H84: 5 | I84: =D84/C84 -> 0.031022409 | J84: =B84/D84 -> 0.68923251 | K84: =B84/C84*1000 -> 21.381653 | L84: =F84/B84 -> 43.218812 | M84: =E84/D84 -> 0.0045146727
A85: 45244 | B85: 279 | C85: =1390+5623 -> 7013 | D85: =54+330 -> 384 | E85: 0 | F85: 0 | G85: 15 | H85: 1 | I85: =D85/C85 -> 0.054755454 | J85: =B85/D85 -> 0.7265625 | K85: =B85/C85*1000 -> 39.78326 | L85: =F85/B85 -> 0 | M85: =E85/D85 -> 0
A86: 45245 | B86: =49.51+200 -> 249.51 | C86: =2743+4010 -> 6753 | D86: =70+291 -> 361 | E86: 0 | F86: 0 | G86: 9 | H86: 3 | I86: =D86/C86 -> 0.053457722 | J86: =B86/D86 -> 0.69116343 | K86: =B86/C86*1000 -> 36.948023 | L86: =F86/B86 -> 0 | M86: =E86/D86 -> 0
A87: 45246 | B87: 235.99 | C87: 9435 | D87: 418 | E87: 0 | F87: 0 | G87: 10 | H87: 3 | I87: =D87/C87 -> 0.044303127 | J87: =B87/D87 -> 0.56456938 | K87: =B87/C87*1000 -> 25.012189 | L87: =F87/B87 -> 0 | M87: =E87/D87 -> 0
A88: 45247 | B88: =12.05+199.34 -> 211.39 | C88: =2567+5777 -> 8344 | D88: =19+337 -> 356 | E88: 0 | F88: 0 | G88: 8 | H88: 0 | I88: =D88/C88 -> 0.042665388 | J88: =B88/D88 -> 0.59379213 | K88: =B88/C88*1000 -> 25.334372 | L88: =F88/B88 -> 0 | M88: =E88/D88 -> 0
A89: 45248 | B89: =198.81+30.5 -> 229.31 | C89: =4004+1381 -> 5385 | D89: =261+37 -> 298 | E89: 0 | F89: 0 | G89: 10 | H89: 2 | I89: =D89/C89 -> 0.055338904 | J89: =B89/D89 -> 0.76949664 | K89: =B89/C89*1000 -> 42.583101 | L89: =F89/B89 -> 0 | M89: =E89/D89 -> 0
A90: 45249 | B90: =24.15+198.74 -> 222.89 | C90: =1292+6610 -> 7902 | D90: =22+288 -> 310 | E90: 0 | F90: 0 | G90: 5 | H90: 0 | I90: =D90/C90 -> 0.039230575 | J90: =B90/D90 -> 0.719 | K90: =B90/C90*1000 -> 28.206783 | L90: =F90/B90 -> 0 | M90: =E90/D90 -> 0
A91: 45250 | B91: =49.27+198.6 -> 247.87 | C91: =3824+5554 -> 9378 | D91: =34+285 -> 319 | E91: 0 | F91: 0 | G91: 7 | H91: 1 | I91: =D91/C91 -> 0.034015782 | J91: =B91/D91 -> 0.77702194 | K91: =B91/C91*1000 -> 26.431009 | L91: =F91/B91 -> 0 | M91: =E91/D91 -> 0
A92: 45251 | B92: =51.24+198.24 -> 249.48 | C92: =6754+3266 -> 10020 | D92: =41+210 -> 251 | E92: 0 | F92: 0 | G92: 5 | H92: 2 | I92: =D92/C92 -> 0.0250499 | J92: =B92/D92 -> 0.99394422 | K92: =B92/C92*1000 -> 24.898204 | L92: =F92/B92 -> 0 | M92: =E92/D92 -> 0
A93: 45252 | B93: =47.49+198.66 -> 246.15 | C93: =2971+5889 -> 8860 | D93: =52+308 -> 360 | E93: 0 | F93: 0 | G93: 1 | H93: 0 | I93: =D93/C93 -> 0.040632054 | J93: =B93/D93 -> 0.68375 | K93: =B93/C93*1000 -> 27.782167 | L93: =F93/B93 -> 0 | M93: =E93/D93 -> 0
A94: 45253 | B94: =50.12+199.91 -> 250.03 | C94: =2989+15237 -> 18226 | D94: =47+338 -> 385 | E94: 0 | F94: 0 | G94: 3 | H94: 1 | I94: =D94/C94 -> 0.021123669 | J94: =B94/D94 -> 0.64942857 | K94: =B94/C94*1000 -> 13.718314 | L94: =F94/B94 -> 0 | M94: =E94/D94 -> 0
A95: 45254 | B95: =47.17+200 -> 247.17 | C95: =2035+6465 -> 8500 | D95: =47+341 -> 388 | E95: 0 | F95: 0 | G95: 6 | H95: 0 | I95: =D95/C95 -> 0.045647059 | J95: =B95/D95 -> 0.63703608 | K95: =B95/C95*1000 -> 29.078824 | L95: =F95/B95 -> 0 | M95: =E95/D95 -> 0
A96: 45255 | B96: =199.02+42.44 -> 241.46 | C96: =7196+2093 -> 9289 | D96: =694+29 -> 723 | E96: 0 | F96: 0 | G96: 4 | H96: 2 | I96: =D96/C96 -> 0.077833997 | J96: =B96/D96 -> 0.33396957 | K96: =B96/C96*1000 -> 25.994187 | L96: =F96/B96 -> 0 | M96: =E96/D96 -> 0
A97: 45256 | B97: =24.14+200 -> 224.14 | C97: =2417+6435 -> 8852 | D97: =40+601 -> 641 | E97: 0 | F97: 0 | G97: 6 | H97: 1 | I97: =D97/C97 -> 0.072413014 | J97: =B97/D97 -> 0.34967239 | K97: =B97/C97*1000 -> 25.320831 | L97: =F97/B97 -> 0 | M97: =E97/D97 -> 0
A98: 45257 | B98: =34.5+199.27 -> 233.77 | C98: =1803+5808 -> 7611 | D98: =32+482 -> 514 | E98: 0 | F98: 0 | G98: 0 | H98: 1 | I98: =D98/C98 -> 0.067533833 | J98: =B98/D98 -> 0.45480545 | K98: =B98/C98*1000 -> 30.714755 | L98: =F98/B98 -> 0 | M98: =E98/D98 -> 0
A99: 45258 | B99: =31.91+199.96 -> 231.87 | C99: =1866+7376 -> 9242 | D99: =36+357 -> 393 | E99: 0 | F99: 0 | G99: 2 | H99: 1 | I99: =D99/C99 -> 0.042523263 | J99: =B99/D99 -> 0.59 | K99: =B99/C99*1000 -> 25.088725 | L99: =F99/B99 -> 0 | M99: =E99/D99 -> 0
A100: 45259 | B100: =50.5+196.77 -> 247.27 | C100: =1925+23801 -> 25726 | D100: =37+388 -> 425 | E100: 0 | F100: 0 | G100: 4 | H100: 2 | I100: =D100/C100 -> 0.016520252 | J100: =B100/D100 -> 0.58181176 | K100: =B100/C100*1000 -> 9.6116769 | L100: =F100/B100 -> 0 | M100: =E100/D100 -> 0
...
